{"total_energy":643.4758485544223,"power_avg":0.45896993477490894,"duration":140.2}