{"total_energy":664.6723871345308,"power_avg":0.4543215223065829,"duration":146.3}