{"total_energy":647.1715187231316,"power_avg":0.4602926875697949,"duration":140.6}