{"total_energy":646.5605566950579,"power_avg":0.46018544960502344,"duration":140.5}