{"total_energy":636.4265466674341,"power_avg":0.45720297892775436,"duration":139.2}