{"total_energy":679.7586330865864,"power_avg":0.4562138477091184,"duration":149}