{"total_energy":637.2634101142662,"power_avg":0.4561656478985442,"duration":139.7}