{"total_energy":658.7065196660293,"power_avg":0.4587092755334466,"duration":143.6}