{"total_energy":665.1136513882421,"power_avg":0.45400249241518237,"duration":146.5}