{"total_energy":658.9523036068465,"power_avg":0.45920021157271534,"duration":143.5}