{"total_energy":669.8213363464159,"power_avg":0.46067492183384867,"duration":145.4}