{"total_energy":633.0196705395953,"power_avg":0.4620581536785367,"duration":137}