{"total_energy":626.1169196241149,"power_avg":0.45668630169519686,"duration":137.1}