{"total_energy":664.2384447291633,"power_avg":0.45558192368255374,"duration":145.8}