{"total_energy":629.0985165359506,"power_avg":0.4581926558892575,"duration":137.3}