{"total_energy":655.3840920375845,"power_avg":0.45895244540447094,"duration":142.8}