{"total_energy":631.4392964925315,"power_avg":0.4572333790677274,"duration":138.1}