{"total_energy":645.6717832225576,"power_avg":0.45889963270970685,"duration":140.7}