{"total_energy":656.3722120890397,"power_avg":0.4551818391740914,"duration":144.2}