{"total_energy":636.0954217232728,"power_avg":0.4579520674753584,"duration":138.9}