{"total_energy":648.7758085067538,"power_avg":0.45752877891872623,"duration":141.8}