{"total_energy":629.9886508761417,"power_avg":0.4595103215726781,"duration":137.1}