{"total_energy":809.9270317101258,"power_avg":0.452473202072696,"duration":179}