{"total_energy":643.0482813371189,"power_avg":0.4563862890966067,"duration":140.9}