{"total_energy":654.9033708364501,"power_avg":0.4599040525536869,"duration":142.4}