{"total_energy":637.5465363732834,"power_avg":0.45539038312377383,"duration":140}