{"total_energy":654.3787363685154,"power_avg":0.45921314832878274,"duration":142.5}